M,PyTorch,Triton
128.000000,3.543520,10.019328
256.000000,6.417408,20.143616
512.000000,12.345344,41.317375
1024.000000,24.731647,84.659203
