N,PyTorch,Triton
128.000000,0.022528,0.014336
256.000000,0.041136,0.040896
512.000000,0.080896,0.158720
1024.000000,0.429056,1.028192
